"x","y"
550946,664159
557965,665845
575538,597173
551446,618600
608046,635690
557588,588100
546191,582015
574577,604678
518313,572029
574591,604737
587566,577728
574722,602013
574625,627968
536961,607269
574795,603145
571761,671919
570393,612184
575310,600032
593892,627912
604428,601967
569051,591851
572693,601444
558104,629718
603567,661430
556737,597551
582584,601182
570596,562704
563429,605107
575069,607214
570203,568824
518009,612485
573777,589244
551084,625579
500154,560237
569687,626224
551701,610666
569940,597428
599535,600582
555003,604168
550423,613871
551945,617310
579460,625728
566708,606300
558807,638559
630383,582176
577786,544056
578351,631297
621747,561574
574773,604973
556134,605284
592293,617910
640401,555904
509417,526559
572396,603849
619900,598634
589262,603359
567754,657455
599251,614279
631434,578496
595209,645171
533535,688015
573007,656477
563888,540029
538362,597418
574733,613545
542447,628696
574191,604157
497987,603126
533310,605850
529556,596179
552628,610330
531473,598184
511694,620438
622079,600202
577991,603021
540643,515612
574376,606548
623110,593490
595500,607084
563146,583728
533807,616044
584622,624452
574666,604438
660145,625709
579831,601376
557305,565148
537903,639418
537497,612799
652182,583653
596484,599808
573272,605250
601356,606738
571814,611044
568511,575440
529516,616329
572533,605927
586782,609286
579190,647354
571420,606929
559223,562920
620811,680357
601463,707100
574368,604294
600946,614917
503220,611508
574474,603789
588768,551740
570429,546031
559307,569197
568754,688712
574091,604067
572101,606809
622592,588597
534167,613840
547239,576263
568196,597077
571609,601339
569426,606011
559764,593398
622725,593166
532982,609796
607541,712648
505097,585048
565687,525967
585901,660327
573951,607604
573587,604001
571087,591484
585089,613868
660478,645464
654649,538571
604551,555429
586226,597620
567445,586097
539822,545235
575733,649088
616977,599123
559454,563763
613939,617717
577243,618869
560044,567188
533309,636628
567914,560362
632844,595014
550640,605876
573425,604352
599545,600679
579476,596891
540976,614943
571400,604415
573585,603698
568743,658199
582942,598759
590258,671269
534085,593317
453405,657985
590278,608557
508050,623004
569391,601900
593074,641031
640498,589658
573952,567565
570088,559078
588155,639431
537592,566609
579335,568570
615038,660650
571164,667639
529933,596796
617846,606111
590779,616060
527864,602873
594145,571334
543919,602167
573307,605100
560043,546640
555011,585195
589474,651740
536573,589112
543124,582057
555952,690968
552436,609030
541413,632125
630598,603445
616214,628264
574073,577242
574392,604090
576556,607911
638890,600665
539079,600117
565466,631182
652231,695646
567491,619445
571942,613191
580005,567428
623314,590583
670243,606289
574133,585175
579020,634967
574437,614615
579188,593061
576409,606933
573873,606587
629464,594084
581516,683697
577183,601530
589818,603055
619007,616561
477085,607463
572630,611581
568354,579712
595245,602887
557139,600039
579526,605913
568698,579773
544357,606324
573728,605958
575076,606144
570571,667472
565009,580048
576113,597802
574422,610263
575180,603855
532153,624369
591110,599870
617095,577167
611332,658403
480559,563460
522819,610980
567790,569422
578737,627727
584539,592804
626497,540783
639096,591823
549567,637323
629421,638078
560757,611315
573853,647103
595581,522993
531825,601187
564377,533799
528813,649034
564344,620975
583192,622407
642918,597026
576721,551291
610525,608768
614701,697959
582264,658281
599204,546632
564468,672565
587401,636500
548705,696144
582247,533551
551524,526802
606418,553038
603624,696601
597435,588964
621721,716139
586311,608529
567033,557378
610890,589994
563119,589344
515911,624415
551512,565483
574666,584895
542670,582777
576728,639394
573748,608298
586265,663578
562986,628080
554767,597421
576508,595193
572250,658103
498474,659529
581386,606415
577433,641976
564953,587466
595099,589180
573083,601885
528916,580561
578003,621726
576255,558817
574468,620213
570095,594010
512639,541976
578685,593840
575857,602667
561156,631446
567449,596481
581584,611318
564911,568546
572987,593865
575588,597017
573582,578804
594081,673750
553958,592714
586701,594029
563937,668502
537542,629533
318482,801539
318542,801667
332998,814045
321640,800479
224976,757470
424646,844536
316002,797105
271501,779956
313318,797205
316240,801323
262902,783666
312752,806131
368694,830658
335269,802482
325434,801910
337340,808062
304422,789833
327255,803603
312968,800865
318526,802237
315173,803959
312312,800123
285057,780927
324588,797242
320544,801551
319115,809182
317202,801931
476330,870801
352701,820327
317509,801093
324500,798523
318655,805237
311620,803375
323812,801441
317527,797313
301915,788220
300024,790395
349925,817135
301470,797787
332333,804630
330379,808710
320817,802111
309563,796375
346596,819768
354382,814605
319364,800565
313456,802089
341234,814401
319691,796609
248465,776131
329093,803464
317894,802646
327365,809550
311178,795322
393096,830450
260729,778414
318331,800041
320130,802814
312234,802738
369439,823913
318982,803386
346251,812869
324420,798904
331643,800447
342555,807446
329956,804251
302109,797594
314797,803448
240340,765502
315510,795527
313497,794640
335740,808717
305223,790932
352965,816852
376658,826228
312036,795299
332209,808686
344872,809594
324108,799275
487392,878184
322218,798472
367091,824822
205186,746769
207223,756701
287279,795489
320713,800483
288029,783491
306135,797162
316170,800272
324616,806827
314938,802853
316615,800804
354777,813173
319814,801588
315778,797400
368410,823840
343836,811391
321833,801055
306622,804038
334441,803780
386159,834173
313853,802784
347456,807293
336333,817119
269352,786635
381716,824624
319840,797415
325023,800772
318966,806626
311838,800845
259892,769386
324228,797272
325526,807409
291870,795836
319665,798321
313397,805372
308028,790738
315995,800667
316433,795205
345541,809054
320117,808452
279572,779897
275308,782642
321799,797569
318110,801751
297715,787644
314610,807401
310656,800677
301473,800394
310093,795571
335578,814158
325091,811913
316680,806982
274485,775604
327081,800133
313841,806511
314893,803796
318315,802012
377676,826789
344096,814108
309671,804354
330432,807017
334756,803774
346944,817410
398948,841928
349032,816145
370753,818622
292352,786245
285702,784164
319676,805390
303642,790774
319525,803277
379714,833182
251826,773023
320399,801609
282290,778965
333112,814317
323708,805080
318049,801080
318884,799724
316113,798059
320301,806176
257669,769876
373098,825716
298565,791983
313545,801386
317801,804871
332925,810903
395673,838276
341180,810543
252419,777978
351165,820258
319385,801997
281959,779437
323873,810253
309589,794826
344223,814280
373469,832651
306704,794142
319504,802041
320706,804190
325682,798983
402858,840462
323363,799912
328544,804119
320802,804358
331037,803057
325811,803031
283760,784151
311497,800444
317772,802004
319069,803470
335577,811277
315488,803332
317963,800037
360446,813436
316789,800694
404012,838129
249477,764997
311699,800316
320541,806848
317833,805462
312788,798308
316263,802655
320080,801456
318213,801309
397888,840886
375007,829529
370801,830805
334141,804979
316083,804013
317021,808489
241615,770113
319006,804332
389733,833661
297329,797834
309980,794956
307078,801232
342258,809552
305632,794615
345634,809259
355939,811502
316893,801301
318247,803370
315881,804702
293194,797009
334609,813791
330224,812965
374236,826048
322309,800959
317316,803405
320673,802254
265635,783116
317300,798633
327644,801482
326404,798612
302014,799001
312497,802537
315080,799794
313943,793892
332987,804691
298525,793855
318633,796952
320227,800655
318992,801780
320805,805977
323332,796916
351763,820904
318841,808405
249459,765283
363776,824212
311092,798981
310439,797178
316980,800582
310353,803839
315582,796283
317601,801145
318423,801662
318281,801782
319212,803377
318781,803932
337849,806192
287700,789583
318947,801586
331304,804251
316830,799667
229116,759789
326404,799021
312065,793684
315242,806320
267976,786234
366545,821151
312794,801903
279930,782506
319323,803627
291216,794991
315069,794667
317500,799291
324160,798243
337683,804408
348676,818119
336169,810502
285392,793560
315779,801326
326320,808644
328765,813645
317165,800966
302781,797111
322048,802431
333595,811061
283364,786719
239849,773955
321815,803701
289805,783110
316652,800235
317527,807421
319734,797947
317469,805035
322298,801166
429031,846693
322249,801493
326636,806087
329468,810657
300606,801313
309948,800390
318965,801634
314215,799197
296488,795254
320548,807696
326821,800461
320442,801174
326904,809781
366934,826585
312164,804429
292268,788005
316191,801183
816341,378274
813072,406233
785370,401478
847994,448651
822866,434440
734895,369199
771595,413241
733394,369418
789670,378563
780052,424190
776671,415993
799127,421352
783776,432656
788008,383032
771258,414377
773661,425260
810971,469139
803024,442979
803582,347079
803180,412797
807952,352874
755194,442286
786159,416433
793447,419700
821595,422961
789447,400008
775621,429586
788245,457561
785827,415417
750700,389552
786499,415598
783977,443447
749210,404792
730768,389392
847098,473485
778997,491614
785130,437483
848127,452570
778243,417197
787439,405986
794323,437568
794333,420319
746595,418963
822619,469422
762902,397688
790096,418149
798870,407289
778673,360319
795167,473799
763833,445199
828924,446537
732704,410019
815936,396540
718592,407694
792545,417091
754050,442260
784658,411526
765816,407814
803914,394022
781413,481133
794614,396118
786673,458538
789724,419721
781552,424476
727349,377720
789445,448336
787450,412227
824896,408745
774869,417016
786698,395274
806622,412541
735920,412109
787385,407023
815936,376660
784388,396548
830710,508535
816460,414014
782395,440782
814456,436951
750953,393758
795929,418410
787029,425991
787355,414562
803987,408712
811790,377858
792321,417169
780609,460371
746909,388873
808571,395641
791388,386436
768761,440667
730300,438437
727884,370839
781112,422917
789079,391555
814060,402666
812039,474368
760860,406176
793154,463768
796523,446307
786873,402309
786971,413946
790566,425053
785113,416926
737453,424023
782955,417447
787824,415672
787562,416019
787648,417515
803720,459230
819282,447833
851439,418199
771537,417393
780207,441415
751940,399634
784232,373360
779215,419227
808225,434717
792218,397669
773494,412028
803363,407504
790525,365147
805961,459328
860855,429472
785580,480128
702496,344915
770451,410969
791404,407460
750495,420476
792207,397747
771823,408428
749559,397806
825049,426040
766203,407565
828815,414317
765111,410610
784064,412388
750353,406337
754048,422419
730594,416039
793966,414512
822297,398478
721868,424375
792420,403890
772920,400902
782997,402367
830363,472917
840463,418621
727685,329002
811618,418618
745471,425356
770669,470922
790903,400598
774986,412851
829655,492415
749617,400079
785965,417673
768456,424720
801444,386415
788562,426689
776261,430747
781619,405714
787348,429220
762201,427850
785264,434080
788780,473514
777312,412386
844506,430686
811927,409142
724557,422198
713763,392185
786951,412677
784376,399149
749680,382693
831478,527515
805219,448519
770145,430779
758080,413556
769924,392140
794023,416855
772742,389713
776720,398498
807244,473727
788256,389410
790154,377230
784464,415564
844976,456799
820061,444336
783919,404359
776082,453154
759577,425019
775793,415895
787815,420083
858859,506612
859634,436648
785432,403522
759648,401407
792473,403852
701756,367398
784453,412453
786262,382124
786845,416884
836781,448865
808301,383821
796590,414249
789952,457338
785999,396276
789593,390282
758123,409417
815245,397561
742547,397137
801910,402891
791581,385257
833942,409628
797068,369249
779073,460942
737571,423146
788730,420509
790806,422736
790336,401492
799506,394018
796221,385140
781020,430243
806826,416775
795608,425796
837715,411488
765343,433989
783594,415806
771194,417023
775605,415270
811977,391163
762342,405350
773921,414860
814715,371779
805010,415631
813315,387951
802678,472691
844046,471930
815223,432892
802105,366654
717873,411721
814461,426115
806621,375997
718324,385561
809249,375573
784801,437958
784086,363857
818594,430138
791564,435085
742189,414036
793420,425611
740773,439793
817914,467107
749416,387631
765803,430001
784381,384225
822655,417146
819417,427371
792459,399587
778810,474648
788190,345692
756149,409515
780552,469782
827985,468229
852935,414951
750741,409701
795974,442826
818479,459556
813081,423311
772131,476144
789416,391976
813885,448649
816784,496658
767856,410336
811490,430167
797530,357467
785798,404220
763341,446368
758221,439514
743433,424145
771204,470062
779726,421187
801039,396617
739061,394708
755947,394912
788228,425950
806161,408283
778231,419520
785934,441950
836083,409814
788858,395817
808328,422776
810632,363959
804253,422943
771304,407626
797148,347933
795861,457554
837428,394274
768552,445674
786189,416359
804779,419485
795539,376176
805118,349378
743012,456566
809641,484407
717870,403329
817694,392795
772258,372621
817277,461751
773934,489182
815258,427388
819422,418155
755506,437035
783624,416444
751059,777811
725025,823974
781756,749723
698897,875160
742074,828194
749332,800913
783383,831165
764859,793019
706465,810467
754792,803540
654835,844662
731228,803962
733789,823065
732296,822156
723618,811389
774397,779936
713941,854769
735855,803457
745884,790712
733433,815652
701474,841289
751330,832054
701427,786032
704997,824835
781206,832886
797960,818063
709386,857620
652430,828589
737798,836727
780347,776000
714042,824098
710990,830583
735684,862189
704478,815131
655405,828478
771499,784838
706363,880362
727417,767482
734215,825070
738344,813781
737972,840863
739611,840943
762021,828276
728314,822883
769396,854886
732301,829623
731189,835428
800932,818338
701523,823417
689907,812152
699565,829969
661642,861563
747629,816955
757135,774526
712231,803577
714380,798056
727577,881789
700187,858867
728517,834996
736259,839121
738224,841045
728839,840100
686096,874544
747768,862334
714625,820253
732248,817862
682981,844729
719360,846484
724513,793669
732848,821906
646980,826465
748217,820350
707227,814540
766380,838223
745767,869471
733183,816054
737548,801177
748980,848783
723255,814105
749612,838036
725456,840270
714058,789601
708345,827169
738035,789448
668528,835030
741869,848151
747764,816091
761094,801511
689090,822670
734440,873672
737136,808153
751858,755829
729209,814697
707452,832758
762550,848264
784535,799903
727804,802674
808738,828147
705318,820707
741664,824594
747122,804474
733302,823108
728923,839514
732798,827711
721350,851644
711340,816390
723995,798007
738038,790612
728448,821909
723314,865754
814058,735295
703850,877711
685472,792990
762429,809917
712210,789388
655497,879221
684572,876935
735945,819439
730950,807929
764015,850451
766105,811748
761114,824765
789052,848586
739235,812231
712802,873532
716861,842590
734777,832798
730018,817640
744720,824322
798253,777697
677155,868493
698630,805658
790707,840349
726378,796953
782799,832589
709397,817441
730586,856029
762512,805089
773470,854628
651306,846090
674692,796943
785316,827192
719382,818209
786424,795200
724927,817777
683647,846512
746712,825080
806300,824674
735941,822616
732659,805391
732088,823250
739749,850376
733356,821337
724615,796786
741010,862425
703854,825690
672603,800872
715780,825395
730036,843911
732928,820238
703697,848570
738284,825515
732364,820367
749214,822025
761480,837718
685520,871723
720163,850904
739989,816775
732911,822103
755486,815455
756631,835648
737331,868626
730652,825997
730254,817252
722361,877906
729985,808440
751113,791470
764836,841654
732758,825429
828365,751215
788001,804706
734233,820194
705259,869991
663654,809779
711840,822078
717138,866139
718721,829379
763266,837582
732487,783999
732106,800231
719773,862569
652792,838764
713993,849343
715480,828297
750089,821259
729921,874643
729125,819058
729596,817018
715342,797804
768484,838515
724900,829398
796342,754841
739021,878690
732077,821908
759000,786495
687499,823987
741203,787988
726322,839339
727248,822425
725575,854412
737539,788351
700545,838587
762290,840425
734126,817395
737341,807913
750708,872285
702817,788166
709204,836225
786837,822293
702505,888892
745025,822623
696429,795124
725434,832238
689874,815593
784897,843572
758772,833716
780882,822474
759330,801102
731595,841752
732990,808779
758955,822533
715863,817807
728814,837977
755177,801204
810748,819628
734183,814732
716249,832086
659112,876503
749355,823856
737829,819737
743887,818756
664520,811971
705057,801526
734324,827031
721571,843891
735109,810460
759352,782368
715857,801172
716961,866928
730398,829673
736810,850888
732999,786935
721159,769656
735492,804925
738900,870054
728481,818932
746285,853692
687932,807072
800215,750459
737866,823959
710711,835804
747165,790206
739043,813092
728106,801810
733788,825404
730529,820947
694553,827081
720677,822664
762193,768565
733720,823113
800206,821079
731300,828531
738235,820757
737962,781260
662327,819438
744564,833504
731946,789552
763117,822843
719683,775555
713697,865084
729132,820455
738979,849547
792243,762269
700760,821464
753991,824013
698753,803369
728083,823589
710294,796353
728310,820083
735488,829133
747394,823455
740451,818542
734937,809623
777572,841762
751958,802184
675499,803874
739162,830065
729074,824140
769968,852730
753547,866760
703822,811031
734466,825414
770855,816615
765634,786227
733788,817269
736879,809453
774445,757421
731938,818251
765562,788020
734216,823618
728049,812295
696979,837545
694723,797918
742716,822224
732158,821895
713358,797233
733812,800258
737376,813319
162251,860951
157731,860387
154639,857363
126214,863391
159543,839094
164090,849248
133950,875990
150106,905936
123485,895835
108536,818079
198452,898976
153957,869087
143827,849653
161575,834293
153197,844234
212354,835128
155649,828179
128878,875410
156224,850965
176612,800816
150748,832621
176593,876863
172906,826192
188399,862679
154358,839974
135067,854338
141357,855233
160159,850538
160118,868442
205560,888714
161232,864185
156049,851280
204959,875825
155757,840375
149050,892340
126426,873527
200181,836433
142732,826499
159650,854922
210648,883537
168787,807420
118907,840299
213597,834602
139325,864053
117143,856454
160214,857972
108829,850046
148980,804936
150149,864374
150101,858587
121460,870247
162100,855656
127908,850176
157848,850057
145089,828005
160156,861994
157510,849537
168762,867125
156770,838142
164348,847644
158150,856349
152843,860606
168662,869288
185708,838328
140320,860986
143653,829229
172932,866051
194747,871556
161762,865489
110475,851840
154064,846256
178429,836081
202806,859707
156042,849938
202052,894124
170593,864325
161786,848108
181929,817619
196183,858058
161722,861242
172115,885793
157049,850577
161227,877125
111281,883864
170415,891699
87835,802394
157988,862759
167369,824185
157130,813124
164912,840335
178196,858042
145306,846257
151301,858516
153750,851282
164126,905005
139276,857309
192916,845589
150977,895245
150435,863995
159379,862642
169376,861631
162874,858934
160368,912023
177832,842824
133679,824560
175525,842281
155375,860845
188742,841096
153468,821428
169437,840357
189078,827802
164570,844734
114745,847812
166179,887269
134329,830159
157811,850925
121785,847276
149782,870599
136449,780153
132655,814379
173379,834483
159874,852423
157449,854012
158482,883375
110573,850219
151205,836450
172320,881217
139752,813239
140340,871255
159383,789356
156226,873690
149259,858834
140736,778867
122354,872057
161493,882097
144875,787336
167033,849751
170416,843833
157840,850663
177846,812240
140215,838609
157920,850959
156782,859703
190254,854753
126593,895723
170565,857833
164752,850200
150476,845303
134877,877422
155701,850153
201704,819256
155981,871689
140185,818014
167390,815298
171351,864088
162041,902529
146564,908069
106384,799326
81095,854996
182032,843813
147016,888504
242679,877964
156896,851866
175823,821361
160434,810775
156573,843150
150085,844088
117906,830620
127898,835790
117296,819541
157931,858703
153281,857846
183646,876408
153072,842576
199427,848974
243856,862925
128799,856561
189042,834171
217570,872516
105039,869167
183364,819670
159002,846575
152283,895127
186055,830445
148539,792179
187705,852410
158012,853554
250593,927170
167750,825605
162515,846731
123364,878170
133900,884966
154415,866987
113820,846284
159567,873474
158631,878258
173836,882306
169071,856924
129843,794260
114049,851568
179354,868736
210388,925732
161990,868375
161003,855593
157084,849599
177001,868317
163436,800304
169808,823740
158811,856202
121705,883929
157593,851010
157517,872506
160136,850533
185056,816393
157772,850911
85345,812942
147664,835581
162009,913298
137586,858172
154295,872781
185239,871597
170161,923120
215527,837019
176502,835702
154170,837017
143273,859177
129505,866851
134834,855852
171369,924289
113364,860154
162321,836739
162968,850775
154317,884750
125345,849681
159977,854463
161769,883567
87922,848137
152154,823676
130674,848135
150812,844400
136669,864494
210496,878157
157432,851088
104976,786528
157080,860106
205239,861412
168154,820675
144156,834036
133992,842907
162060,846720
144135,871544
115373,849003
145184,856753
190518,839757
161302,865113
161313,846936
172285,845802
163402,844357
105566,881106
151890,877835
149778,839445
165110,866560
213118,845798
120458,818668
182864,831446
185733,900955
167267,836647
104851,874672
121710,849126
154467,889142
225023,855993
158510,854095
125678,850787
139834,859298
121494,829216
148639,837676
127963,851919
125628,841353
117708,848563
176595,893106
146551,852503
143184,848290
151495,825541
232031,883231
143614,864667
96540,805089
149938,854909
176660,847097
171155,910435
188759,878749
158486,871780
155620,841292
160034,846011
193497,855969
110775,860927
134402,808069
183717,848413
162000,791722
134678,852104
140259,806567
161535,847423
162841,867993
149181,828038
170474,849404
150890,841967
161669,850945
143969,888697
188928,813868
159874,864991
152198,881109
188374,811694
153622,900360
151791,885764
164190,814553
178393,895623
205695,829790
173755,865170
155432,850453
216526,864211
111076,848770
164843,791199
140684,834165
219401,843905
143692,857328
159541,838146
569371,340693
587160,315965
622938,405652
554975,359831
557688,349296
559134,289423
562521,408689
574721,321312
547471,286568
585265,370259
562602,339967
614521,410917
563726,283570
591316,347197
570045,342064
556086,317331
541310,335792
568758,330455
582584,366794
591764,378697
565418,339981
566864,338342
563350,338474
613723,432052
550509,340064
578047,334354
572432,296775
592567,353335
562797,334016
532686,328438
571713,365927
564376,343247
581121,325057
579058,330881
579579,378648
566863,339115
597586,333299
553451,367048
561591,345840
581294,366934
547046,358793
579641,393570
545221,304399
578923,353979
589527,337002
559624,327738
579199,334549
556485,297110
548875,327403
564459,413894
553772,326043
558454,337811
532836,333901
568654,340545
554925,358483
581616,318065
578289,367751
570387,331667
561045,321519
572052,299578
536577,339632
544064,339993
508874,268672
569308,332960
566973,345042
602793,352220
537464,333934
555195,312386
558498,334182
562880,335328
570253,303637
580916,353145
556212,325118
563522,294310
547746,371563
555347,373894
577739,407040
565486,337298
572855,357813
566007,304157
566525,335918
570072,330127
538693,339212
551101,357275
565575,334785
563230,326152
561314,345903
551038,238748
551842,331175
566829,352520
560197,341675
552404,354746
594675,412500
536847,277027
547247,322209
553791,375619
561932,288068
570309,344770
566654,284031
567881,324442
549756,356246
577532,404420
562228,336829
522132,293591
582232,342963
561151,338860
590810,324055
541094,328331
597104,357737
593343,392534
568245,298665
575709,343376
563107,338863
552483,361370
567577,338935
535859,350117
555062,371000
554066,368617
529654,331795
573700,344237
522025,280110
564864,328657
597461,452457
542228,333669
564596,320628
553340,316642
563178,340712
535578,349955
525920,261538
607342,411008
563479,317136
574097,297022
524637,319927
568428,359772
578536,344791
580491,324093
558472,373907
573147,321905
576427,341721
606623,386373
543875,338588
558672,341578
570648,371616
568997,331987
565571,341329
556417,334350
571217,330482
572545,338950
565427,289087
585193,343997
529417,225786
547606,365567
519618,320827
529505,286990
569562,321517
569524,388806
581307,411796
551885,331440
573367,325958
569251,348171
530765,344239
577335,419151
569996,321309
574187,386377
561508,342099
562413,366688
538660,321657
613466,403004
553764,363304
582877,384922
568584,304556
538925,336787
571265,327998
531608,303269
523765,313649
558031,337889
553303,360165
561740,340032
564414,338634
565704,351459
593558,412767
532727,283474
557412,336928
594677,366478
570659,343450
565089,331616
573677,354529
559740,276703
560178,282066
567311,331366
573825,321910
571927,290107
518199,281979
563163,374695
567638,340191
563529,338583
559466,358312
564151,338474
566246,338205
582886,342901
540385,265815
576100,304086
563506,347966
560472,346144
592377,352381
528806,318681
561201,369366
533285,310041
595915,344314
609339,363956
551385,328586
552963,330767
520650,312558
573154,315850
567285,379388
579935,329905
548608,352209
548036,357679
588052,339288
568221,330335
562163,341559
569393,341925
543105,327695
549795,335999
534317,302359
566187,332586
561657,330750
588221,400380
562252,337910
565597,336549
559909,343717
594868,332116
556361,358384
584352,415881
579614,345164
537403,316395
564831,340970
600071,340383
534442,326627
545785,356865
551902,306298
565576,347575
571881,302583
557574,352424
521035,279008
553213,335029
563384,338753
577807,324032
534972,327973
527106,321924
579864,345495
599401,385091
551307,361138
533990,332884
508814,269126
566657,350056
546122,374117
559840,350283
567445,335525
535657,350798
520678,289002
522674,324516
571623,364844
574947,351815
559548,275524
583528,348773
523409,308966
570785,316313
561987,341966
538787,341446
565345,318823
587567,347522
544468,293746
572690,334983
564342,325125
546705,330145
563145,336336
545544,302353
569834,321216
520229,285152
565050,335027
556288,332270
545280,341016
561426,339640
563504,338633
565867,324952
554147,353583
556284,385183
520371,292636
571435,289176
559497,310944
563207,336974
557853,337173
591235,396903
567074,324440
557892,333378
565761,300366
529492,344437
558965,325871
556309,367641
554676,344552
546223,297212
577596,355924
524203,331340
558293,292932
523584,306346
586266,341966
560217,282430
549298,326251
585318,335201
573155,351564
530808,322365
600089,405542
528676,296763
538472,221233
560295,338084
579033,345674
560492,325883
577788,345123
564384,329859
570931,353939
575024,409616
545456,365058
557913,404782
598412,368724
575522,344096
346663,182618
348130,171461
330019,186536
292639,177241
383412,248683
358906,174057
289985,215243
343596,170688
345417,144502
356983,165689
367928,168443
343946,165158
352701,159711
341039,175781
289069,233480
366740,189029
350387,168573
306395,170271
350028,192775
345632,152054
314046,139299
322650,202053
350397,134695
381778,159654
324040,188093
338163,183236
430950,156984
435819,182751
372797,198908
325721,198517
350804,161345
359835,210497
331189,141993
373545,170788
363036,166449
345893,155479
363938,186380
360811,129332
376975,224225
345849,165945
323197,223550
434879,122755
349245,166584
342273,179472
359845,148749
332053,177505
380591,160222
370161,178869
370000,170002
347671,164354
368623,169966
363616,145867
358111,181561
350360,164915
341636,166973
277968,153181
355581,155505
347784,160835
396792,211265
362605,203254
354539,137967
357989,174064
408365,179609
351827,176506
347028,172879
330980,180506
359964,185966
316860,146070
321354,152957
331719,163190
361706,186914
309314,159191
316185,170425
316797,162040
354829,195000
351222,126702
290947,213064
350010,140612
352621,172885
343568,170155
334070,186806
288800,146072
348686,169293
411323,169502
407965,152861
295117,156041
391892,117585
344090,163981
310765,158664
351050,141113
345091,163796
353500,160369
300234,235671
334435,140876
373112,108232
388323,192460
308918,133744
437830,216209
339397,156945
316334,199859
331641,159496
341409,167845
365508,182435
360518,133795
365003,169628
399527,167262
352687,177728
363204,130683
344933,198197
355477,197735
342883,172020
342784,185561
337353,202011
346500,157394
424341,182050
341196,129664
355248,173188
310438,182499
339979,170384
321311,182093
338006,185696
374657,102221
364469,165881
349007,164875
340829,159120
374689,168274
373915,178495
342089,179811
363185,162606
362098,173908
348602,133580
357254,190634
369651,186503
379827,127134
355279,169145
346875,140121
324304,141860
306215,200251
363552,174373
347877,170022
338722,165657
351075,186361
338238,213022
357729,155228
435530,171614
365049,175586
381077,187858
293610,171074
360530,153738
270173,199043
348709,165886
300364,159428
378513,197463
347538,161273
330058,186082
279724,143732
329415,142899
424622,156977
362329,174878
338914,148915
377187,187324
380534,175766
362905,185071
354818,158550
345849,174672
343122,169880
326101,109090
354777,187854
353738,153903
329582,190241
382712,102983
345163,143117
367645,188985
411644,174834
344974,144228
297434,146821
343242,171848
320888,94382
310120,154412
344679,176490
352610,170616
360080,81648
379395,153607
355973,183970
361358,105444
361986,158571
319865,177579
322470,198892
296647,216975
350678,166654
333074,189102
303299,198712
384889,137098
328086,144306
343512,142455
318244,178319
353913,168886
393278,174656
354417,130805
350561,176433
329183,142252
377389,165476
333312,210102
321221,129453
375936,144705
342276,206687
352282,153583
356601,189499
351000,159392
326571,181463
335389,162975
334886,157691
353183,154167
362883,165607
333302,182239
354631,176982
374212,183516
341570,191099
360446,184570
354938,207804
326704,198493
341445,149269
392233,184798
319075,174438
325984,107124
360840,76052
337993,159302
341028,140101
345638,168149
371014,150009
350343,157193
358647,111476
332239,151164
373473,171318
349454,175169
392531,162600
340249,168067
323164,170102
340448,124132
284721,149863
347343,168079
304971,128953
364545,169228
321418,198415
321788,183610
407358,220869
372246,159472
353968,170837
317602,165653
356169,135537
334724,166973
312102,158750
373412,161448
379013,158713
319750,180493
302114,125715
340466,194033
312380,158871
343617,161387
347594,169121
352074,167653
318850,125902
296514,217686
429306,171986
279794,211360
346842,157181
341194,188909
325904,140128
389929,117874
317643,162921
346514,173978
355691,98533
372256,194956
287064,164847
372064,174410
352682,149092
352927,166323
370287,178515
348605,169337
334382,122986
391482,145282
363092,185919
368284,180519
347052,181227
309036,168284
335402,198251
347681,160922
328909,141861
328024,147911
330827,178264
346006,178235
317753,195151
357480,122360
332452,167330
305575,115363
404482,185661
352255,177858
317574,113068
360158,125675
351663,172842
459999,124724
348929,169069
344152,185253
262321,155625
315944,158201
361020,171277
326461,209553
362858,160165
336160,190725
409806,169994
361279,179463
388185,172662
425978,165284
303063,160206
368375,155690
325289,124516
321160,179326
305517,165573
372355,155508
318482,166799
324523,161780
351913,168805
355629,206519
350167,163091
353300,176144
359645,179483
352868,213951
346109,164046
346955,169569
318394,225356
358837,214966
343477,159253
330969,219779
340860,169876
354195,669118
399434,613682
392653,617399
364078,629247
424917,641070
388425,609532
398359,629369
379990,605911
391601,622550
403460,607905
399014,679465
373665,608711
399288,623498
370698,601212
407228,574989
391159,563517
379483,687717
330855,616040
367312,653024
403119,607440
397022,620240
391457,599215
424878,587478
394043,613921
392133,624328
384511,635887
401053,559877
401065,617755
388552,693265
403956,559933
416496,655859
402984,625919
391491,595215
379303,617493
442558,598657
436831,601644
374098,617118
389443,591051
386864,617296
394118,616468
376295,630384
390646,558770
414017,637332
409205,556780
384210,577473
432740,650054
328609,595063
433876,714443
410391,603566
383175,562356
423311,546166
394908,626539
416308,663820
464586,710910
398408,624310
389750,632546
417107,667249
377530,608309
393577,611357
436184,658219
402225,615032
406850,628131
363198,632390
345564,575116
441883,625784
419740,618893
428498,579564
364237,686324
396484,586242
399928,623248
362804,609219
376777,537211
394011,605310
450542,634973
413706,595411
419086,613037
397675,617444
366062,633304
446156,592620
337973,631633
395224,619637
398630,620330
409409,621964
372298,618446
426313,629789
374928,608687
375662,680646
438997,591831
442382,550086
396776,620330
401856,551236
414525,617178
344365,584938
456843,622636
408293,649987
382828,613719
392508,576987
409755,599766
398498,584077
321521,695514
355834,561388
397893,691600
449688,610676
413216,600114
372435,626811
360636,636291
393553,570384
401688,626700
398619,624106
404632,523329
360938,611954
395801,613536
397913,576488
406585,652745
371867,603193
444858,610026
405117,629725
422590,648429
382904,562772
411764,638823
397102,617764
379009,579922
396326,610698
374702,642607
397208,621629
404555,659321
462612,576235
425191,598628
420376,623502
449273,665965
385575,608923
407670,611579
386848,617573
418742,589862
396810,653325
372055,605073
408209,623137
398424,499262
401624,619339
397643,619295
420108,578878
355107,533577
426539,615934
475150,690195
390760,673514
386782,657120
372313,549945
410545,675858
415166,626586
404599,618449
399478,638783
395458,578113
361134,622557
420555,635324
430421,666135
465685,689725
445149,593601
383077,615094
417673,624599
434110,573969
403147,642881
422065,634383
428200,582389
369828,617330
394856,621989
468138,651828
398723,612936
407952,613351
437516,562777
366954,533212
400002,618113
448128,609344
413931,615342
368662,623989
400168,620187
439257,687638
449341,573925
403384,547270
361696,619318
446279,588432
393730,592924
383841,615325
422910,611875
370225,681941
396967,620818
385013,662154
347875,554938
321099,628655
399433,619628
393215,660333
348381,618391
395454,565829
397001,617689
393193,604554
403906,572417
384523,659193
367800,632060
404424,633894
395343,620610
397627,615175
333944,624293
316888,593689
374666,617319
349463,572244
400025,619239
390298,621622
371771,622101
338054,630205
407182,654147
420311,637594
392271,629004
336451,585207
397614,618349
402991,650157
486628,638966
411873,655201
433298,602335
388370,630706
397343,617428
390372,621537
450732,631365
404239,618406
453925,601390
361794,603945
396945,619427
414557,660103
335010,700340
416637,608182
404325,661166
385731,620939
349696,626371
367259,614683
401992,619332
401098,587453
321291,652349
395504,617954
424537,636807
333741,533889
387031,623386
385722,632952
449565,695010
367696,626843
420586,488205
411952,611547
368090,621241
362971,581240
363132,608747
420431,662177
405490,615665
366176,617447
389490,560393
409913,685785
400160,623433
437020,609091
403629,624343
388617,668879
437623,567105
365008,657450
378142,591955
437524,588952
447516,607665
418450,608601
420955,662830
428146,605891
317684,615239
366439,588933
357534,618053
434308,577773
458285,606558
389692,620955
371970,738190
446187,634661
449353,571692
447537,605650
371440,639502
380640,684568
399039,658735
384990,618157
398187,618869
403039,603388
415823,585255
438534,639507
399331,594112
400592,619475
375257,571570
373975,659297
449307,603285
394579,610199
418472,590500
404643,630904
406549,591725
397789,621560
367521,563182
444161,593879
371666,616054
395601,627679
447380,608195
397973,616737
324477,650120
398697,616926
460072,650859
345545,642157
411415,601369
392288,604703
378957,721905
397644,619415
347389,571043
459637,659191
400626,629978
383589,688487
438963,598053
356290,635242
412428,605899
407213,656642
406713,619924
372798,630067
377908,600007
386733,589164
379017,630491
377015,618676
388524,639613
415893,669409
436537,681608
371445,649968
417990,629000
390135,658884
427914,605407
414975,629891
364695,621778
418243,610722
388540,601599
429323,615649
402647,627206
366316,643965
402442,614877
420054,606486
358452,668482
434772,628715
887983,196462
846828,335970
837600,272394
825505,211165
837646,226433
859997,219686
844255,242087
873714,213558
845719,245144
878582,247997
809069,283576
859348,224676
820903,298214
859425,245468
824909,222704
819639,250921
801933,249209
874855,230591
876039,234091
862152,286769
866804,224789
849247,245023
851699,263626
825417,250198
863308,231263
840195,307605
875623,276635
842538,230399
798617,274070
831010,247939
850026,209922
862728,300726
770963,222727
885057,239505
845450,291561
832810,221122
914691,194258
855040,228928
808661,264627
843329,225916
843932,240221
823311,276600
810013,204854
829095,278326
846189,246047
876118,251032
848668,285258
889692,260943
867228,245928
870506,221002
896822,292872
897475,261896
849664,269723
843256,243941
872804,249370
856814,237120
849587,257472
834676,253703
830689,238080
869734,225991
799444,231781
901182,296892
822462,234604
860854,241473
842635,219864
856563,235901
878249,207217
820470,256949
863162,204597
866433,325275
814789,239344
871219,187894
862559,259973
865463,189752
844466,245707
870646,188480
854818,305915
851797,242443
824372,227138
878786,229970
825246,281971
845204,241166
874086,225846
905181,284077
837353,258975
840749,241972
857160,245602
836593,227363
936947,257926
839510,237689
847911,267799
772091,207552
881003,201567
820661,265125
852766,273165
818593,290210
868899,256487
862063,271395
886571,251958
856047,249253
878265,268289
861990,295375
818886,256316
842932,246470
849163,314666
774144,298979
887667,192885
900986,227819
859517,250003
844975,249857
851387,218369
806474,252586
850861,283017
843338,228095
825990,266980
844402,241381
878220,294053
750941,253339
845029,241413
807584,294326
846423,257856
886338,248210
737568,216846
830888,244743
860813,277055
805957,279923
823732,235041
842928,238524
883061,246453
827955,260590
845338,274554
907991,245254
866288,299821
804153,261120
879602,246729
844341,240308
819091,220620
813783,268926
845270,234219
849785,188424
843940,240171
859386,163766
802651,191257
934148,224852
844962,261093
848090,228711
851724,183478
823689,201080
857150,118590
767716,264798
860065,313609
844226,232246
834092,237757
806314,222682
844022,243331
870337,197362
843917,229857
776516,244257
852922,224083
838744,309399
817620,271205
864253,242247
831592,235337
810798,232357
828023,252199
950249,267049
821691,245678
844374,241138
840370,246182
824349,264175
887963,266977
883097,274685
847060,244260
917590,256073
835432,258416
844256,241687
846165,282603
893055,228032
889283,226949
813041,264274
914203,139601
842806,229131
861302,236274
863523,261819
825237,200005
841778,310591
817710,244049
911236,235022
837094,256512
861569,236495
880721,256889
856273,258528
860085,233284
849037,257480
811847,269354
891438,222445
840843,222356
886769,236207
864697,174371
838958,159683
837381,237750
838673,241545
831969,256082
838071,246468
844377,205919
813259,266111
847589,244246
812192,244899
898830,219316
864044,251866
790723,238308
836661,209264
845811,242519
890475,351883
842054,278929
850132,244027
843156,248570
858432,224681
824826,210276
916718,220884
841609,240846
801567,257093
813868,236749
911313,332237
846991,288954
844799,238084
844100,236431
828655,299772
846949,241633
858332,230107
903741,256216
880184,258135
872896,232331
787453,183583
890923,264293
833959,213208
931476,224288
869706,261622
841456,297183
815141,241849
811021,308616
876605,220931
866638,289719
838374,233931
848663,224694
855514,240645
855332,229567
815836,247613
847822,239387
880587,257788
846331,245532
828996,224241
856861,227582
845420,244618
841758,213775
830743,243511
841688,244799
848623,216061
832336,294492
844960,248931
894783,267478
837572,228715
848608,269483
844455,248276
881080,236987
826580,223732
886583,230149
859533,265299
799487,181803
859012,247210
773355,261633
891499,262370
847577,250394
839774,222019
770068,238328
860169,208941
858826,238714
825301,241005
847836,270742
833394,238492
853829,312726
846902,286663
819395,261796
807676,253890
844335,242415
842630,134134
833732,163956
849451,250359
842293,295357
848326,218942
778884,205466
862843,253899
841126,244966
850615,208494
837878,221126
861412,271093
842952,216543
825960,255185
877802,251070
859237,264565
836717,228611
837056,228517
860431,198583
836025,215976
848090,254411
807011,168036
906490,292194
865415,243951
785987,260922
814541,245740
838127,317675
864723,274505
865536,230049
818866,235084
847721,172690
875060,221706
853169,236740
824277,298800
889333,265246
851932,219498
846372,247484
919879,288675
813483,229280
879222,282622
836132,307300
882489,238260
825171,219049
848396,219321
849354,240028
864463,212009
852483,246857
811283,245118
794626,247855
821946,253655
850889,241475
860529,210162
854068,204922
853078,225567
799882,245258
845851,257134
815820,187314
174786,294275
66056,329428
164475,325938
154296,253129
170383,319838
118409,240213
178305,283784
159699,376613
181582,338717
183656,304283
146787,314519
175377,270899
101272,291228
110147,291170
163852,321522
179376,202627
91419,307913
169734,311093
164846,321775
124284,294832
91032,295537
180418,383044
192256,338570
175289,337894
165920,359796
163806,316263
170417,320972
111893,277860
123963,367806
162962,359352
149159,350964
181702,332201
150135,287966
152780,346942
169847,232784
99170,292492
166765,334529
238649,363208
190277,196795
113156,353333
88470,373191
151168,333789
163158,339732
187102,321822
141848,276792
164482,308044
159477,311328
89061,383052
150304,316820
178821,314479
144943,310824
200298,333143
175844,300672
151261,339482
164182,319208
164662,321645
166511,308763
145825,308066
155270,360143
195430,348893
158983,319283
194186,332284
184441,292402
221878,361227
109221,313573
154278,310693
215846,344482
186358,358652
214555,330533
160020,320400
127175,267662
82842,396583
125417,292193
96346,324121
166633,321344
151054,234837
76739,368060
150472,347050
109229,245783
144359,400550
153037,343217
160339,315488
155708,347406
172750,336845
148222,357014
169092,331862
165212,322140
162238,363075
182134,318738
178180,346717
140674,311819
157725,332032
173386,301983
163352,321556
102777,315830
145173,312275
203058,325861
150999,360703
148333,345976
191459,320210
158107,318665
163524,425563
188193,264427
179526,348177
151883,265430
158610,320718
185976,380609
188822,345234
150348,362027
178772,300294
174031,315963
189423,333787
156614,337343
137431,334812
153416,347492
167369,324518
193997,353991
219665,274321
183897,335476
159185,300021
137729,384591
162605,320000
211870,268938
196571,366146
185198,356280
164095,325767
214608,350480
163370,314791
134124,302582
147002,328851
195468,347039
145743,289531
239960,343018
163465,271123
154655,326959
189590,332307
141617,310529
205779,380281
137378,411606
165419,348191
175260,305292
141529,256120
170420,390934
112650,358562
224982,355499
77975,363437
177614,232043
175170,246753
152871,327204
151612,371685
177824,291723
180658,324488
131847,340048
115000,295311
163949,239495
119941,267521
125431,401396
184935,260930
170252,336085
159562,291782
207295,307616
145624,352910
104623,294653
222824,372883
160697,318707
175184,281548
128551,307747
217448,336991
195701,270233
134861,433100
134432,311433
117180,375353
160782,315146
166821,311163
171939,305333
161202,332470
185591,302266
144355,370775
151035,314552
172236,343145
162496,331212
144708,299460
179880,383894
149860,345703
162660,331381
213940,344364
144880,378347
137560,322789
159826,328425
78287,341137
154916,317771
148507,336266
119083,342066
88467,297177
165350,280519
166656,305901
175853,284757
221764,281732
178491,321262
213543,344710
168232,311408
188114,356500
222294,304376
185472,278116
115217,247892
164202,306326
94189,311516
163351,323747
158339,321778
166931,309501
143344,333942
209145,339393
170964,340996
144566,315333
168141,332853
168323,290958
175876,297731
182662,280274
193434,306540
159850,319155
114823,355168
236813,270201
120931,347630
180119,446538
147369,371052
215735,403365
153095,258201
214149,335121
133973,283786
133923,353951
165968,345069
183232,367079
228249,363932
161850,354132
157197,390538
148479,333805
159885,325344
168029,323905
182470,274495
150076,309684
157000,381617
169735,322841
132845,359520
144446,249616
169950,321620
116126,415495
196692,335742
251323,271424
152500,340066
163585,327734
220993,346079
143844,276741
182019,377042
131725,400055
172932,332246
171068,310386
158418,327569
166910,324444
163896,317217
183080,270404
151920,277512
170021,324966
145493,306421
110392,382419
171979,318266
141627,321245
170844,318192
165455,320821
204399,329029
219934,311065
192494,287127
109326,283571
199866,308748
164369,369490
67329,270729
181792,279010
179982,282957
145929,308489
168535,327927
161396,327022
109320,376557
146381,248427
150806,321182
154488,312337
181514,268518
167818,285865
184486,279251
66361,306042
180010,318215
197091,293978
233264,338044
241877,293864
183817,344380
171544,316257
111087,248779
177198,313783
110526,415534
96874,296164
160928,315670
160334,339137
196285,290700
174760,307107
168587,325279
161604,328423
276840,333883
134011,308555
164171,322101
123397,306357
125341,292931
223470,284378
151395,335003
158699,267212
193618,343851
93375,296627
143900,334980
180161,335235
167952,360945
193878,257841
212315,275288
143962,331798
51121,333937
156501,328775
168353,319829
192871,293201
177638,327608
174699,332562
150017,348815
159417,312227
162686,324337
93955,323329
127483,291973
106777,258779
134919,325360
153034,267264
170617,312421
175997,293350
190178,275459
185382,244344
181181,252845
192120,357923
263255,382720
156509,326040
543395,165104
592241,139903
557674,132705
601605,114311
533057,102460
554627,185935
594415,123441
564094,97216
539533,110948
517715,101553
574572,133023
573936,144570
557658,136531
507309,173576
536028,179189
557986,141238
615117,156430
631490,69169
565765,31842
575370,144620
561715,155899
555339,137451
574380,68388
521714,166290
526471,210499
584541,148319
552552,135336
562296,136606
569544,136301
620549,119386
557713,139212
604671,84501
574552,176602
528795,105945
537156,140989
555969,138449
574591,128669
602775,95749
557260,139460
562623,130440
527813,147885
608304,58190
574146,151701
538149,148385
544976,142668
553486,145251
546135,142265
525966,202913
547558,192564
577011,179240
584262,182840
557674,144242
550612,135849
615890,101427
548387,143265
547679,112379
622867,137347
569516,139146
579609,125756
512651,77109
556272,138073
601240,202547
570290,19835
579149,118137
574588,201324
568684,113259
610320,139052
571940,177246
601191,107972
541774,138199
589643,220156
566189,137787
557230,138122
613387,93136
576738,154620
568207,131523
565662,136967
556511,142886
540340,125005
558201,138965
569485,139474
576787,171471
565993,157138
552987,198294
547418,136078
531093,140164
502860,156003
545392,67867
533275,133780
550919,116142
579793,148510
584189,179224
546909,149906
557873,29760
602637,115287
574789,206561
521409,108651
560139,115905
549518,127373
530028,141699
557376,141641
531542,111855
553967,136580
556818,137516
483378,179793
584102,105568
520239,125840
565692,117212
554093,140717
593287,139033
571145,172882
608089,104862
537970,158366
534268,138525
599820,69565
528963,94571
562792,153185
513563,147599
546198,223226
536650,143879
518008,151099
531425,109317
525948,127202
618961,137740
557713,138734
565003,109912
525533,158060
530550,260096
557556,134449
599844,121650
563992,188992
589497,207218
547383,179830
529689,152331
530469,112184
503121,166904
545377,183026
569277,152658
513383,172116
530846,95899
538991,144325
572855,166597
596017,105193
562425,166840
561455,117089
549576,141718
536156,117959
529954,125351
547367,140706
558263,138012
555664,135284
556520,142663
516997,112673
611252,137657
591137,119237
487625,186380
546732,113099
550602,176278
588778,158773
518168,140962
551807,144856
576199,155943
564548,152584
570715,165356
609681,127858
555707,257984
564768,149758
560106,129550
568953,159271
538387,151374
588495,129030
549012,155430
612694,172756
514032,93459
523174,99569
544056,148080
577938,169322
514665,173847
562926,136418
540043,140047
527539,74519
562995,146681
562558,110877
503965,95071
576477,136232
576624,146120
548593,259173
535173,107965
601002,103153
570550,158283
604081,206219
509399,116492
598804,97430
538687,193275
550810,116860
541387,179834
522375,143226
539350,111174
588147,94933
557410,139434
536658,131532
532155,38179
606322,113321
508486,123905
569116,201753
575002,206660
529162,138884
565984,139636
594587,110479
529394,76253
493497,160280
587507,161475
556986,149054
520131,223408
562634,158596
539522,141991
523482,137172
538355,161154
581286,130157
554964,142000
559135,86243
557824,130883
538935,127964
568886,122130
589836,210597
552015,139847
559632,147664
562762,167716
555545,130657
518876,165382
575146,221994
607429,87236
542573,154268
535989,197367
557996,133094
552551,155274
561185,139911
565933,146924
622188,146183
531921,176092
546549,184402
557503,139641
547069,170816
570384,156474
558942,146678
532130,136569
500069,162124
623654,127503
534283,182854
572556,141222
557923,177665
516078,201907
579307,130249
559687,166560
560056,138220
537440,134725
590467,127940
606949,143592
538104,64979
576129,94061
554817,79285
550021,103192
538624,198823
562414,145758
591058,211584
549580,139451
592068,220224
539885,150404
538646,142767
595772,143912
537050,184412
623076,55359
556522,137197
558771,138461
566893,80673
577260,203667
600812,94249
561042,145244
533883,94458
562734,130201
580608,98675
544300,134422
551655,141771
558399,141924
562151,137316
551365,143363
575524,197849
519275,134261
568115,129997
560892,170494
544085,164453
546091,128788
577217,88703
568012,131109
570002,95074
522748,232047
552424,125548
560090,142563
553625,118391
593125,132497
586568,162713
566921,122296
586609,56907
523870,48143
542515,104489
565948,130582
570302,180633
523039,241485
594957,178005
534538,211266
555667,137680
565666,144401
535117,101722
594942,115781
530936,107160
587153,139978
536588,179931
589239,105353
543146,119496
517378,142575
531044,76661
556769,137699
554923,154964
559062,142516
579761,98525
576666,163925
558408,153326
559590,262846
592834,102898
554238,138349
557364,193502
495076,202175
536416,154162
516899,77875
561507,163477
552586,131874
560737,120357
551857,119535
540537,114108
558213,136059
564225,121786
591646,233105
577278,149760
548782,139237
606311,34795
555514,147663
525986,108512
180548,509279
163113,495165
193224,474652
199578,507786
195255,566666
178372,506012
206637,541435
177795,507311
188438,461701
169723,506069
161019,477155
180646,505044
168082,467697
170991,511868
177559,500225
174810,460616
218049,573755
144788,543616
175714,509804
161882,542311
189337,475944
199025,517750
169184,520952
190770,559076
96639,416763
208450,549384
171454,549147
200955,520880
202813,484348
166999,487472
174541,504728
114090,465734
188032,570266
176135,505584
189624,514739
181466,500589
192493,504096
165472,553118
205121,502511
221411,551798
174437,502737
177419,513181
141058,513010
177248,535564
176526,514551
169537,450030
152439,521152
203857,505512
184873,509928
216725,490271
180136,529931
220433,508228
178056,534461
174306,508551
210090,545365
142485,510414
177445,507895
177990,506288
224816,512560
102568,454160
148591,437116
160741,519003
178051,509173
147431,507674
229098,513562
185066,473361
170329,517580
174620,509285
174308,510496
114065,438860
244239,534702
150226,504755
199330,474135
173787,508907
149290,509651
124550,490956
194036,499637
148316,515856
159010,482568
184704,522728
189771,493070
198925,483807
153741,469656
102049,470041
187481,576965
149567,515230
189347,469470
123623,484678
186931,509554
147737,480787
123677,523036
167733,508144
173220,515450
172861,489378
125809,497406
139330,514173
176718,520809
205823,499009
148899,509773
141877,505117
176711,494698
163002,501334
176532,502500
151576,546565
209094,520878
175164,486891
169240,512241
182365,569692
122267,491382
127590,457033
200970,535453
55171,436641
176291,520845
178113,496130
227670,507473
175151,507092
173387,493714
154067,528826
176794,509951
160422,505400
162622,473316
146224,489504
152451,516888
175022,505128
181586,520819
167031,506812
203929,495032
174256,508789
210265,502302
122518,511106
164803,486997
199735,535787
163758,540364
191010,496006
172375,497454
173837,488330
156969,547076
141698,509956
178725,516084
172649,535034
213114,529858
166644,496384
139101,519201
213534,575022
181944,469404
193513,464672
180519,491609
178936,470314
172555,481067
176269,508797
206344,491145
169229,485361
107596,474527
171625,499643
190943,514722
81263,474641
160032,495995
174184,516963
163218,521006
123267,434581
182995,514876
172980,501416
165072,513991
219252,512900
121103,510739
174376,509522
172954,507862
181316,512716
111797,483423
147517,505603
171320,482628
172616,541790
178184,473649
250478,520763
189403,494000
173291,533931
150541,485110
199079,528679
174099,545699
186329,517495
173217,520461
105575,456821
156422,495388
219169,514934
168995,508989
169746,500474
149234,504511
147308,467144
174091,512733
156805,452791
197919,488800
210595,593887
168220,561725
201615,528011
222503,514428
145220,512051
129986,472054
166780,507959
137556,518068
219865,561110
215613,563315
163905,523779
164357,490037
154681,519421
165819,504373
139202,513957
178919,486422
147778,533351
221292,511030
102201,496069
171534,496491
171940,497254
165875,518892
151953,481083
178883,507741
196184,486224
173839,509039
75167,462658
208378,519680
196897,499676
160465,480876
177084,521032
196122,486034
158750,505225
123023,485968
125560,478442
164119,502355
183059,502915
174121,497211
194410,537174
194591,505293
116195,491442
140745,473202
219082,505079
223176,541455
174372,528938
178343,528094
184923,520759
179328,538994
181513,507832
189627,493897
173338,514408
156592,514391
223841,513362
157237,443618
163845,477746
204150,480571
174643,486326
174535,505384
177840,541220
176818,522869
188783,497255
221008,545240
169608,512291
210283,576158
175066,508099
182232,545455
177165,537836
173640,508597
193647,507445
239456,524397
213985,527753
239937,528766
162127,481356
192746,541498
170513,506142
198972,494574
173288,477901
177592,509223
176195,532010
175198,541006
153464,490355
179796,566524
184337,550216
195504,516085
219588,523796
175212,511118
152257,445043
190801,497582
206979,514622
178459,479631
140337,496476
178069,498389
225237,506361
177174,519396
157228,529409
157402,501111
167014,514219
203307,558307
196749,545957
175697,508080
217899,589900
167302,509383
189144,474516
183037,498730
188791,473093
176297,471328
175806,510901
162597,559809
168413,499272
172608,514981
183247,511289
153040,455460
175210,519962
172894,532549
178722,516128
194925,519113
192740,502877
134308,520782
207483,574369
188459,515494
146947,486870
107291,484395
237336,504243
213021,483776
213083,536623
180391,544539
166223,502002
185558,500801
184762,525670
209337,481841
170837,494317
242968,521153
191767,473933
248106,524502
168607,487952
173081,460133
148432,453261
214464,491792
165151,497815
184750,515348
254032,598908
213316,558478
168834,538228
173867,464634
175686,518675
214619,533566
180312,540196
213540,500360
175467,517882
157506,549642
173673,511368
173387,506815
192292,500192
163036,533775
160453,511484
200329,489062
179689,537514
170425,551867
394506,406184
408162,417996
451233,428667
379634,425386
405780,388202
325071,370955
391896,353749
401626,398629
401018,393402
383470,465599
404936,400257
400247,444610
391220,392046
395586,410506
429073,508805
449687,424782
407359,384467
403186,397399
388863,449683
435588,387756
383440,451753
429790,414448
409068,394599
409037,387330
430185,402109
453067,393825
418466,412111
377839,397213
436327,361159
447616,383075
340506,383832
414685,402227
397796,411957
395123,377408
381303,417231
420573,442915
396940,415394
430901,420792
444527,397791
393101,385804
388523,384572
434868,402069
432597,414997
405103,392919
430329,396150
407748,439145
354085,401240
442208,424228
416862,336023
362910,351352
408517,413549
425156,341775
413300,424811
412615,402677
421655,419118
358760,354601
349328,410682
404042,399020
405478,392258
399967,353941
446824,411471
370362,397158
394746,431117
392783,395246
405703,400468
424230,354094
359750,352429
431609,358830
365758,387039
387179,395013
404212,400545
403802,435067
450912,394436
371957,376444
410297,433463
475977,426625
452915,424241
405610,396520
429109,347638
407601,374797
388347,451670
418326,373684
403902,412615
402295,392428
410718,389868
409854,383022
395883,468350
398565,373339
376230,383878
388041,434815
411216,368864
422497,321050
384458,276794
409869,383197
409680,381340
368125,415521
349685,404288
415238,367922
382193,422056
445969,407334
427628,373917
374345,422261
411341,392728
420977,336585
354294,401730
402867,401854
395538,401330
387227,393903
402459,399188
370897,389510
403574,399858
438750,343651
388465,388743
406245,398246
396769,400727
403968,399077
427626,402071
394724,405902
398245,383992
412488,372230
394699,418086
466024,400305
329635,380458
337961,338347
426853,411171
408539,392447
399429,375233
440797,385338
406712,397764
393146,414290
407130,394846
414628,402252
385678,332913
394572,396517
343648,388479
411933,405569
409502,444816
439272,393659
434798,415222
381952,396621
347737,416893
407667,398980
429948,404273
400846,397851
359893,447192
392503,350428
420873,451853
415798,402566
369848,362753
396576,407188
434251,380139
449719,409167
392374,405470
365793,359036
402424,398617
391412,408714
441817,382222
385539,403751
402390,400548
404314,393828
376926,373943
360941,390182
409868,391776
336320,342501
417123,401923
426090,342400
407466,405325
377148,369480
374296,416110
412142,401162
430123,442931
409520,478361
405195,401313
354094,357466
414816,417617
410881,417281
410943,470047
430343,378824
397853,369227
462032,397918
407010,397331
400178,427810
409924,401708
363147,426172
414503,401411
412908,409823
422517,386068
405428,398255
384801,346358
448097,397735
425164,348847
461494,394761
388075,357253
410395,402267
441297,415233
402466,404445
399767,408224
371649,369044
382074,343119
435776,416750
401925,387103
364844,368200
439738,393758
404382,418623
406054,402660
457110,427749
391545,405356
395118,432184
368566,322936
424367,402710
389630,456025
407822,395450
403683,377941
434017,407576
386451,348263
387214,391966
406460,392576
460907,380236
407081,398153
385908,399942
472619,398795
416014,467535
413906,377758
404179,398724
378698,396710
402670,377588
462226,408992
373970,423371
434751,412861
392159,403160
404189,395168
423786,399346
460295,409244
393708,429515
353215,370602
417826,356739
436628,408147
379677,436362
386712,399291
396707,396081
403389,419200
390984,383855
347498,370252
402706,460198
358461,418046
393942,408500
404912,397618
395873,392660
400918,406739
403700,439048
375266,392424
418858,379128
419802,391970
424006,389279
448885,468907
410653,410601
406492,396556
405673,417795
427549,375971
439977,414374
409733,368363
407514,402081
404222,399753
479570,424840
416651,381863
401451,394606
406500,389520
415328,418140
394402,387461
413273,391384
399819,391439
422531,365223
437102,407189
422485,415933
426039,402031
456990,428513
405483,382396
429422,368166
440000,418636
402377,411674
371987,424365
411676,394159
414612,371548
434107,460628
403257,399717
448199,361875
399084,393424
401078,333682
377550,377870
364266,405117
378671,452398
398501,397889
352640,424089
392231,417494
395579,402851
366302,376493
371809,460684
387141,449571
414743,405322
448078,420489
461076,377975
434649,492551
384551,477323
379592,359740
438596,429653
411086,361814
404811,400660
409414,410418
355397,392162
414107,376145
328177,371464
380662,379593
384406,448231
406324,404157
401526,420616
413427,398985
407020,400538
398743,391530
408351,408182
408504,435926
435389,411090
383357,398311
431539,409291
399410,399460
408327,400473
395271,399693
436764,431437
419763,312123
432808,411053
404245,401616
436191,364455
402474,407833
442851,367864
375761,437870
371721,308726
389541,418996
393120,371498
399155,407429
403860,380749
411205,399997
418429,377215
396671,380202
385951,436034
357805,395210
446807,415136
318367,315013
413163,372424
420480,340966
417464,354767
404027,387165
549222,854654
541423,889260
524625,870826
569296,868025
598127,861364
535997,825141
587296,906640
535803,906396
558572,887896
525600,817776
546029,844066
558706,848976
604582,897131
549830,845120
556733,872241
534525,857818
594573,794265
548151,857126
614034,842786
589361,889975
529745,841130
583156,813561
542414,855603
531797,887556
509264,837032
649724,852037
581315,793791
533427,904450
550246,879722
528460,839088
536868,869369
509094,871873
497149,900991
541255,919544
544023,860520
557890,863042
522039,889805
489881,879031
552112,852918
586229,903840
537069,932662
549611,908506
542290,867533
499013,844617
534006,862002
607581,883981
549505,864265
547498,883062
546516,860870
501871,895565
604964,843344
545894,864059
544022,830888
544904,858819
531620,853562
606643,873791
538040,859213
503359,841843
506205,842719
574114,847904
546898,863859
535805,888919
547633,855045
545783,863102
530312,829747
565348,850607
520837,810277
595389,879104
538772,840406
536676,838367
518745,837457
531277,861519
542574,816056
547936,862534
600511,808555
550965,862571
554080,832010
534710,882403
568424,840020
541150,865030
522941,846594
556874,890223
513309,873136
553552,846622
531812,905770
577565,803216
620056,914183
555087,877510
573954,861193
578455,840994
561262,875640
536438,876782
552769,849501
550375,866973
534459,906382
553764,822722
545794,861656
546255,856991
551012,865081
609341,895680
548156,867801
557586,846324
534876,840059
545982,860473
540173,937823
500026,886532
534915,904133
506175,880545
504718,833499
539793,854979
545052,818739
639465,825596
542999,838036
528037,846216
525740,850790
538985,864040
543227,869818
561548,879309
534839,860563
541026,846082
543055,860151
559228,847292
576018,838239
548214,837307
586321,853093
479802,884326
622330,838978
567914,842903
450680,832490
563321,844948
544625,859577
591215,908409
570485,819843
599766,875625
536497,887780
507507,884613
524682,849858
539481,846741
516603,870630
581603,843111
536928,869718
511640,857648
532467,881571
528054,860230
562885,861966
548642,898736
577029,961951
501919,866878
559085,874791
594786,874239
527751,915504
608152,758172
505303,859515
507671,861033
444574,837880
545966,827672
562146,869960
548242,858151
529137,877440
564313,821835
578530,846371
475863,829482
526669,860507
530134,878696
572687,837312
509047,886773
547494,879805
541785,859679
612854,910683
546060,860863
541972,874110
565157,790149
580836,873984
448214,873742
440382,894785
574582,874312
518647,879902
526597,851462
550376,839012
502521,808097
590791,879500
548447,864721
584750,866044
582116,876151
517655,819250
566392,807278
558924,872033
532597,894268
613846,846752
566230,850478
531138,849777
568458,823584
619103,823202
568319,843715
545953,861023
560547,889743
579661,862785
537039,880833
550707,854374
515205,842616
547751,860721
505776,831024
591428,829240
555572,860384
525893,853348
571562,849118
542249,856167
560250,853874
524944,838808
575281,814561
531652,773292
520429,891515
549492,805884
556713,833437
490725,843432
529644,791355
562132,865157
551171,920249
512952,808777
630099,898916
491401,863706
551055,857231
541536,877413
563842,838821
528890,854037
518063,824475
562228,857360
532452,856437
600081,862117
539324,839280
603686,885379
553000,859185
550686,865020
593653,882007
546004,861027
509036,846772
556401,844627
548327,861069
541611,854342
531300,844086
594948,923996
559403,832154
549001,803202
544008,856619
558004,897286
516166,851216
548576,858537
524067,828001
548496,849327
544519,858278
473793,793875
548142,766617
576707,847728
546935,858418
539239,816840
540692,852687
562723,861927
513991,892382
461099,811745
576217,800152
566584,870139
572224,859492
483466,830226
533083,850674
541216,834632
526048,899052
596955,925485
551400,893145
521150,839493
581923,883434
495161,873380
607246,765011
612291,898578
510158,906772
586062,858325
462864,795909
554848,812634
533595,846841
509540,810817
577784,826192
545271,856552
503773,848628
581417,784291
567037,890613
575427,870936
532382,851166
592403,871544
534303,870337
545900,819580
498734,912649
556246,870214
560714,853279
543529,857319
606677,878519
542933,858057
544804,860375
525539,888111
544283,892877
582930,788776
542259,875311
462524,875248
555864,835831
586348,885828
609548,916704
544467,893991
535933,866352
494281,872247
600070,832372
514170,902302
565604,877298
510687,873636
554389,854818
506439,915666
524809,905849
545736,862062
649086,871981
590250,900829
546754,859419
534803,855983
517633,916082
535143,874877
528959,885963
518568,853439
626376,855177
488483,814249
548467,857283
548920,865489
576892,913686
564545,880275
546835,861381
588608,880958
528502,868979
555834,872237
549168,861868
546244,836951
555991,836874
554722,769546
542557,855074
568529,868128
540155,878859
498220,852267
543036,874125
548548,846646
541076,851517
492319,806888
577161,831779
545444,860259
530999,892423
506780,838442
557685,853291
825972,730887
927201,645233
819480,645563
878802,573324
822637,693699
856993,649412
878573,684558
854609,656658
856097,651506
842859,618405
765619,667280
890782,600996
862486,674463
851597,676694
880813,620685
874975,716590
951880,721401
857640,657094
867371,644693
861482,633601
857346,673646
855509,657184
871834,708244
860560,659081
885904,657811
909185,642843
897538,709303
851476,610505
772280,612648
812941,673196
883727,673267
863981,694451
902492,678869
819280,690018
890077,677983
865965,639997
847444,709254
858680,679799
831472,664355
861665,659166
863386,692386
833905,688076
840053,680506
886745,641840
857105,673292
860015,622212
897961,736557
886696,668234
876331,675013
853961,675902
820091,695092
897070,730287
873426,691716
952207,722404
878004,678606
846474,664156
911574,688118
861230,674492
836312,675382
925795,664639
852383,626334
842110,669690
819935,653177
861435,674265
883871,677404
860894,672212
900724,715956
877152,674236
860064,679818
923881,578509
823757,680381
816515,720629
902029,640210
860357,671772
867493,618009
882986,672628
863401,680261
853708,682100
846975,681049
856554,668567
871011,656957
872590,662293
835926,673953
888401,718544
917839,648590
824089,699124
855686,668367
868784,675866
894685,700098
877209,683156
801817,661357
895634,789095
857517,673332
835854,627452
860501,672059
854911,665048
872374,683580
882598,668839
905902,682510
856653,671235
843225,680228
918050,662249
865594,674961
886670,679211
858214,676220
856582,567861
858122,668228
850176,682241
856869,712262
856592,671325
858526,680592
847245,683098
829778,646816
863416,675633
860007,677551
842406,683656
860537,678195
821557,700747
898217,679054
866112,676360
868551,665308
845662,665775
860658,660459
859029,670119
874862,672068
925034,644301
866263,704574
828338,665660
836946,680579
853410,682053
859978,672544
880834,713088
838864,680969
853540,674151
839150,664903
755287,641902
910782,683610
897430,676962
848457,594720
777680,658748
869730,700341
837036,640432
860048,668519
861428,672668
837697,638004
856021,673071
858570,668772
929410,636871
859210,599612
810528,739318
781879,654937
949045,663095
883214,658734
877873,647968
851115,682699
884934,684739
855461,667620
845406,616281
840318,697161
862389,679237
859029,664260
858589,674121
927047,700962
859761,723397
857418,648230
867053,677896
839011,680828
826912,680757
880137,673826
834591,694897
905984,683585
815681,671609
863109,669748
860894,674659
844127,659734
868643,656156
860766,653258
898331,684131
859837,666516
871554,655237
959882,653592
845579,659280
900526,646422
840406,627580
847329,604546
837043,631316
925936,705518
884734,662898
852181,718088
872311,666315
881600,710082
860605,674433
816579,685821
850293,678856
846395,669427
806921,687043
866945,657981
860779,676480
832648,704065
866011,669178
860206,693783
876064,683027
810768,670957
908464,674134
858741,637665
877878,664325
801796,664025
874378,672800
873363,685124
870664,674496
823981,684602
841641,677769
865180,651576
817440,650720
860330,674472
860593,673028
861559,683413
842011,669638
860819,674365
862438,687360
813662,662684
886958,673242
859933,674311
798572,595580
854047,636769
798742,685551
828490,663945
883275,717187
885612,706906
841317,675988
864630,671976
869654,669366
815098,651216
832479,676767
857942,657879
868934,665828
876286,674905
863831,640000
881943,672818
823669,634800
886551,658590
847461,639463
868848,625416
862875,672266
872525,723173
908495,688098
863889,673410
889464,679788
863168,615826
854219,598671
840123,753254
905798,669430
875488,726847
845340,648443
970756,674114
956849,675551
896720,677459
895206,634004
809028,653745
846881,682420
858686,666636
879399,682481
885944,656834
857481,718257
856928,672598
774817,693997
916853,612392
860206,671444
857240,671404
868984,689628
845515,704570
886054,652233
851313,705929
843851,682315
849230,667131
904500,707894
864613,649345
877765,629998
840985,659542
888326,621278
876841,682304
860939,679747
843538,663049
844123,672876
850548,689948
894819,696257
853726,629377
897179,658034
866039,696808
863774,699668
859388,669697
766728,606506
868765,672474
856357,697011
945359,708262
886417,653181
861127,674521
856897,729194
859429,663168
838626,644843
843231,672797
868629,680677
830844,614497
857872,646671
853941,679242
929571,665697
916922,749941
916673,602365
843821,684537
904062,694308
878998,731712
847241,667713
879136,730383
817577,689363
850843,728743
915579,683941
882675,722463
870010,670519
858182,683252
860515,669288
870850,675357
860643,673449
883004,687325
894573,603472
851017,669713
837786,693362
925341,605535
791051,687078
800443,672387
937776,683048
879202,713579
873544,571669
824882,695260
841548,702654
825604,601619
878492,564416
870419,703773
870112,674931
864863,673140
892766,681053
873932,683321
931252,701017
814395,645677
853471,677362
930099,659046
853940,665426
863963,691827
861267,650661
858702,599647
842566,684091