85123A,71053,84406B,84029G,84029E,22752,21730,
84879,22745,22748,22749,22310,84969,22623,22622,21754,21755,21777,48187,
22960,22913,22912,22914,
22633,22632,
21756,
22086,
22728,22727,22726,21724,21883,10002,21791,21035,22326,22629,22659,22631,22661,21731,22900,21913,22540,22544,22492,POST,
22632,22633,
85123A,71053,84406B,20679,37370,21871,21071,21068,82483,82486,82482,82494L,84029G,84029E,22752,21730,
21258,
85123A,71053,84406B,20679,37370,21871,21071,21068,82483,82486,82482,82494L,84029G,84029E,22752,21730,
22114,21733,
22632,22633,
22386,85099C,21033,20723,84997B,84997C,21094,20725,21559,22352,21212,21975,21977,84991,84519A,85183B,85071B,21931,21929,
22961,
22139,84854,
